name,address,region
Millennium Simcha Hall,4405 14th Ave Brooklyn NY,brooklyn
Skolya Simcha Hall,1335 48th St Brooklyn NY,brooklyn
Zemer Banquet Hall,1325 38th St Brooklyn NY,brooklyn
Ateres Chaya Hall,1415 54th St Brooklyn NY,brooklyn
Machzikei Talmud Torah,1315 43rd St Brooklyn NY,brooklyn
Young Israel of Boro Park,1349 50th St Brooklyn NY,brooklyn
Shomrei Emunah,5202 14th Ave Brooklyn NY,brooklyn
Heichal Menachem,1581 52nd St Brooklyn NY,brooklyn
Birchas Avrohom-Vien,1319 50th St Brooklyn NY,brooklyn
Mikor Baruch Seret Vizhnitz,1310 48th St Brooklyn NY,brooklyn
Cong. Beth Joseph Dombrov,1324 50th St Brooklyn NY,brooklyn
Gvodzitz Sadigura-Bais Dovid,1254 49th St Brooklyn NY,brooklyn
Kollel Pri H'aretz Porisov,1332 50th St Brooklyn NY,brooklyn
Khal Vyoel Moshe Satmar,1352 49th St Brooklyn NY,brooklyn
Mincha Chadosha Dzikov Viznitz,1237 48th St Brooklyn NY,brooklyn
Boro Park Y (Simcha Center),4912 14th Ave Brooklyn NY,brooklyn
Beth El of Borough Park,4050 12th Ave Brooklyn NY,brooklyn
Yeshiva Etz Chaim,5000 13th Ave Brooklyn NY,brooklyn
Chasidei Gur,1317 49th St Brooklyn NY,brooklyn
Mifal Hafatza,1231 45th St Brooklyn NY,brooklyn
Skvere Hall,1373 43rd St Brooklyn NY,brooklyn
Congregation Chasidei Gorlitz,5110 14th Ave Brooklyn NY,brooklyn
Congregation Bnai Yisroel,4602 14th Ave Brooklyn NY,brooklyn
Bais Medrash Niklesburg,4918 16th Ave Brooklyn NY,brooklyn
Ksv Sofer Erlau,1316 50th St Brooklyn NY,brooklyn
Cong. Noam Elimelech,1240 51st St Brooklyn NY,brooklyn
Minchas Eluzer Munkacs,4706 14th Ave Brooklyn NY,brooklyn
Khal Tiferes Shmuel (BP),1419 50th St Brooklyn NY,brooklyn
Anshei Sfard of Boro Park,4502 14th Ave Brooklyn NY,brooklyn
Khal Chasidim (BP),4820 15th Ave Brooklyn NY,brooklyn
The Emerald Hall,4405 14th Ave Brooklyn NY,brooklyn
Ateres Golda,1362 50th St Brooklyn NY,brooklyn
Anshei Lubawitz of BP,4024 12th Ave Brooklyn NY,brooklyn
Baby Street Simcha Center,5409 18th Ave Brooklyn NY,brooklyn
Tzivos Hashem of BP,5014 16th Ave Brooklyn NY,brooklyn
Bobov-45,1325 38th St Brooklyn NY,brooklyn
Boro Park Center (MJG),4915 10th Ave Brooklyn NY,brooklyn
Beth Israel of Boro Park,5602 11th Ave Brooklyn NY,brooklyn
Young Israel Beth El,4802 12th Ave Brooklyn NY,brooklyn
Heichal HaBracha (Komarno),5100 15th Ave Brooklyn NY,brooklyn
Shomrei Shabbos,5301 16th Ave Brooklyn NY,brooklyn
Belz (Lomdei Torah),18th Ave at 50th St Brooklyn NY,brooklyn
Khal Toras Chaim Viznitz,1820 53rd St Brooklyn NY,brooklyn
Yeshiva Mesivta Vyoel Moshe,960 49th St Brooklyn NY,brooklyn
Renaissance Ballroom (BP),5902 14th Ave Brooklyn NY,brooklyn
Machzikei Hall,4622 14th Ave Brooklyn NY,brooklyn
The Palace Hall,780 McDonald Ave Brooklyn NY,brooklyn
Renaissance Event Hall,2100 Ocean Ave Brooklyn NY,brooklyn
Yeshiva Torah Vodaath,425 E 9th St Brooklyn NY,brooklyn
Khal Lev Avrohom,574 E 9th St Brooklyn NY,brooklyn
Young Israel of Ave J,1721 Avenue J Brooklyn NY,brooklyn
Agudath Sholom,3714 18th Ave Brooklyn NY,brooklyn
Kingsway Jewish Center,2810 Nostrand Ave Brooklyn NY,brooklyn
Beth El of Flatbush,1981 Homecrest Ave Brooklyn NY,brooklyn
East Midwood Jewish Center,1625 Ocean Ave Brooklyn NY,brooklyn
Shaare Torah of Flatbush,305 E 21st St Brooklyn NY,brooklyn
JCC of Marine Park,3415 Quentin Rd Brooklyn NY,brooklyn
The Palace Hall (Kensington),780 McDonald Ave Brooklyn NY,brooklyn
Flatbush Jewish Center,327 E 5th St Brooklyn NY,brooklyn
Chabad of Kensington,605 Ocean Pkwy Brooklyn NY,brooklyn
Beis Haknesseth Ohr Hamizrach,347 Ocean Pkwy Brooklyn NY,brooklyn
Ocean Parkway Jewish Center,550 Ocean Pkwy Brooklyn NY,brooklyn
Tifereth Israel (Kensington),514 Dahill Rd Brooklyn NY,brooklyn
Chabad of Windsor Terrace,1266 Prospect Ave Brooklyn NY,brooklyn
Linath Hazedek,109 Clara St Brooklyn NY,brooklyn
Chabad of Ditmas Park,716 Ditmas Ave Brooklyn NY,brooklyn
Gan Yisroel Hall,3909 15th Ave Brooklyn NY,brooklyn
Chabad of Bensonhurst,8224 23rd Ave Brooklyn NY,brooklyn
Young Israel of Bensonhurst,48 Bay 28th St Brooklyn NY,brooklyn
Sons of Israel,79 Bay 22nd St Brooklyn NY,brooklyn
Shaarei Torah (Bensonhurst),8669 Bay 16th St Brooklyn NY,brooklyn
Congregation Bnei Isaac,725 Avenue O Brooklyn NY,brooklyn
Merkaz Yisrael (MPJC),3311 Avenue S Brooklyn NY,brooklyn
Mayan Yisroel,3315 Avenue N Brooklyn NY,brooklyn
Agudath Israel of Madison,2122 Avenue S Brooklyn NY,brooklyn
Young Israel of Avenue U,2119 Homecrest Ave Brooklyn NY,brooklyn
Khal Bnei Shlomo Zalman (Madison),2002 Avenue S Brooklyn NY,brooklyn
Agudath Yisroel of Flatbush,1302 Ocean Pkwy Brooklyn NY,brooklyn
Avenue N Jewish Center,321 Avenue N Brooklyn NY,brooklyn
Bais Menachem Mendel (Chabad Flatbush),1703 Avenue J Brooklyn NY,brooklyn
Khal Agudas Achim (Midwood),1564 Coney Island Ave Brooklyn NY,brooklyn
Sasregen Shul,1279 East 24th St Brooklyn NY,brooklyn
Bais Avrohom D'Krula,1205 Avenue J Brooklyn NY,brooklyn
Khal Bnei Shlomo Zalman (Flatbush),1093 East 21st St Brooklyn NY,brooklyn
Kol Torah,2018 Avenue M Brooklyn NY,brooklyn
Congregation Tenke,1478 East 10th St Brooklyn NY,brooklyn
Yavneh Minyan of Flatbush,1412 Avenue M Brooklyn NY,brooklyn
Congregation Bais Yitzchok,1143 East 19th St Brooklyn NY,brooklyn
Khal Shalheves Kodesh,2920 Avenue J Brooklyn NY,brooklyn
Young Israel of Midwood,1694 Ocean Ave Brooklyn NY,brooklyn
Agudah of Avenue L,2913 Avenue L Brooklyn NY,brooklyn
Ohel Yitzchok (Flatbush),1401 Avenue M Brooklyn NY,brooklyn
Armon Hall,2605 Nostrand Ave Brooklyn NY,brooklyn
Talmud Torah of Flatbush,1305 Coney Island Ave Brooklyn NY,brooklyn
Kahal Ahavas Yitzchok (Flatbush),73 Forshay Rd area Brooklyn NY,brooklyn
Yeshiva of Brooklyn,1470 Ocean Pkwy Brooklyn NY,brooklyn
Ateres Chynka,129 Elmwood Ave Brooklyn NY,brooklyn
Sasson V'Simcha,1223 Coney Island Ave Brooklyn NY,brooklyn
Greenpoint Shul,108 Noble St Brooklyn NY,brooklyn
Sanz Klausenburg (Williamsburg),520 Bedford Ave Brooklyn NY,brooklyn
Sanz Williamsburg,106 Lee Ave Brooklyn NY,brooklyn
P'shevorsk Shul,205 Hewes St Brooklyn NY,brooklyn
Stolin Karlin (Williamsburg),540 Bedford Ave Brooklyn NY,brooklyn
Ohev Sholom,19-25 Varet St Brooklyn NY,brooklyn
Cong. Tiferes Moshe,572 Bedford Ave Brooklyn NY,brooklyn
Satmar (South 8th St),134 S 8th St Brooklyn NY,brooklyn
Tiferes Meshulam d'Tosh,567 Bedford Ave Brooklyn NY,brooklyn
Pupa Hall,205 Hewes St Brooklyn NY,brooklyn
Ateres Avrohom (Williamsburg),75 Ross St Brooklyn NY,brooklyn
Concord Plaza,760 Bedford Ave Brooklyn NY,brooklyn
Yeshiva Jesode Hatorah,195 Wilson St Brooklyn NY,brooklyn
RAZAG Ballroom,739 East New York Ave Brooklyn NY,crown_heights
770 Eastern Parkway,770 Eastern Pkwy Brooklyn NY,crown_heights
Mishkan Menachem (JCM),792 Eastern Pkwy Brooklyn NY,crown_heights
Chevra Ahavas Yisroel,306 Albany Ave Brooklyn NY,crown_heights
The Nemes Hall,309 New York Ave Brooklyn NY,crown_heights
Anshei Lubavitch (Crown Heights),578 Albany Ave Brooklyn NY,crown_heights
Agudas Israel (Crown Heights),456 Crown St Brooklyn NY,crown_heights
The Crown Heights Shul,570 Crown St Brooklyn NY,crown_heights
The Besht Center,563 Empire Blvd Brooklyn NY,crown_heights
Ahavas Achim - Empire Shtiebel,489 Empire Blvd Brooklyn NY,crown_heights
Bais Binyamin-Viznitz,680 Montgomery St Brooklyn NY,crown_heights
Bais Rivka Hall,310 Crown St Brooklyn NY,crown_heights
Garden House NYC,1386 St Johns Pl Brooklyn NY,crown_heights
Chevra Shas,398 Kingston Ave Brooklyn NY,crown_heights
Torah Utefilah (Shain's),390 Kingston Ave Brooklyn NY,crown_heights
Chovevei Torah (Murphy Shul),885 Eastern Pkwy Brooklyn NY,crown_heights
Kahal Chasidim (Baumgarten's),1612 Carroll St Brooklyn NY,crown_heights
Ktav Sofer (Crown Heights),646 Empire Blvd Brooklyn NY,crown_heights
Rayim Ahuvim,1614 Carroll St Brooklyn NY,crown_heights
Anshie Maaseh,1466 Union St Brooklyn NY,crown_heights
Bais Menachem Mendel (Crown Heights),770 Lefferts Ave Brooklyn NY,crown_heights
Beis Levi Yitschok,556 Crown St Brooklyn NY,crown_heights
Bris Sholom (Best Shul),382 Crown St Brooklyn NY,crown_heights
Hadar Hatorah,824 Eastern Pkwy Brooklyn NY,crown_heights
Nosson's Shul,579 Brooklyn Ave Brooklyn NY,crown_heights
Oihel Noson,580 Crown St Brooklyn NY,crown_heights
The Lincoln Place Shul,1185 Lincoln Pl Brooklyn NY,crown_heights
Unzer Shul,1457 Union St Brooklyn NY,crown_heights
Living Chassidus,305 Kingston Ave Brooklyn NY,crown_heights
Eshel Hospitality Center,272 Kingston Ave Brooklyn NY,crown_heights
King Tai (Top Floor),1095 Bergen St Brooklyn NY,crown_heights
The Atrium,401 W Route 59 Monsey NY,monsey
Ateres Charne,790 N Main St Monsey NY,monsey
Yeshiva Ohr Reuven,259 Grandview Ave Monsey NY,monsey
18 Forshay (Ohr Chaim),18 Forshay Rd Monsey NY,monsey
Bnos Esther Pupa,15 Widman Ct Monsey NY,monsey
Pine Valley Center,661 N Main St Spring Valley NY,monsey
New Square Hall,9 Truman Ave New Square NY,monsey
Ateres Chaya Surah,311 W Rte 59 Monsey NY,monsey
Bais Medrash Anshei Mamre,12 Adar Ct Monsey NY,monsey
Khal Toras Chaim (Monsey),25 Main St Monsey NY,monsey
Ateres Rosh,100 S. Main St Spring Valley NY,monsey
Beis Medrash of Wesley Hills,24 Lime Kiln Rd Wesley Hills NY,monsey
Congregation Beth Shalom (Airmont),40 Campbell Ave Airmont NY,monsey
Bais Medrash Ohr Chaim,18 Forshay Rd Chestnut Ridge NY,monsey
Yeshiva Gedola of S. Monsey,260 Saddle River Rd Airmont NY,monsey
Kahal Ahavas Yitzchok (Airmont),73 Forshay Rd Airmont NY,monsey
Ridnik Shul,22 Rustic Dr Airmont NY,monsey
Satenov,21 Madison Hill Rd Airmont NY,monsey
K'hal Eitz Chaim Siget,9 Sumter Rd Airmont NY,monsey
Kehal Kinyan Torah,2 Dawn Ln Airmont NY,monsey
Yeshiva Me'on Hatorah,17 N Airmont Rd Airmont NY,monsey
Cheder Chabad (Girls),25 S Monsey Rd Monsey NY,monsey
Monsey Beis Chaya Mushka,27 S Monsey Rd Monsey NY,monsey
Bais Yehudah of Suffern,31 Cragmere Rd Monsey NY,monsey
Machna Simcha Hall,527 West Central Ave Spring Valley NY,monsey
KZM Khal Zichron Michoel,153 Grandview Ave Monsey NY,monsey
Ridge Terrace Hall,831 Ridge Ave Lakewood NJ,lakewood
Ateres Yeshaya,908 E County Line Rd Lakewood NJ,lakewood
KZY Hall (Ateres Avrohom),175 Sunset Rd Lakewood NJ,lakewood
Alexander 234,234 Alexander Ave Lakewood NJ,lakewood
Madison Manor (Beis Horaah),401 Madison Ave Lakewood NJ,lakewood
Pine Park Hall,145 Country Club Dr Lakewood NJ,lakewood
Lake Terrace,1690 Oak St Lakewood NJ,lakewood
Fountain Ballroom,725 Vasser Ave Lakewood NJ,lakewood
Ateres Reva,500 Locust St Lakewood NJ,lakewood
Kesser Moshe Yehuda,1320 Hearthstone Dr Lakewood NJ,lakewood
Estreia,978 River Ave Lakewood NJ,lakewood
River Terrace,1094 River Ave Lakewood NJ,lakewood
Ateres Blima,1000 Towbin Ave Lakewood NJ,lakewood
Anshei Sfard (Rabbi Blech),1250 Madison Ave Lakewood NJ,lakewood
Coventry Shul,601 E Kennedy Blvd Lakewood NJ,lakewood
Khal Bnei Torah,304 Monmouth Ave Lakewood NJ,lakewood
Khal Chassidim (Lakewood),1401 Cedar Row Lakewood NJ,lakewood
Vizhnitz Hall,1501 Clifton Ave Lakewood NJ,lakewood
Lakewood Commons,44 Coles Way Lakewood NJ,lakewood
Stolin/Karlin Hall,153 E 7th St Lakewood NJ,lakewood
Westgate Shul,100 Ropshitz Ct Lakewood NJ,lakewood
Ohr Meir,30 5th St Lakewood NJ,lakewood
Ohr Yechezkel,307 Ridge Ave Lakewood NJ,lakewood
Zichron Chaim (Villas),901 E Kennedy Blvd Lakewood NJ,lakewood
Khal Zichron Shneur,282 Oak Knoll Rd Lakewood NJ,lakewood
Ohel Shulamit,38 Spruce St Lakewood NJ,lakewood
Beis Medrash Ohr Tuvia,969 East End Ave Lakewood NJ,lakewood
Beis Nosson Tzvi,1416 Willow Ct Lakewood NJ,lakewood
Beis Dovid,322 Ridge Ave Lakewood NJ,lakewood
Bais Medrash Lutzk,511 New Egypt Rd Lakewood NJ,lakewood
Bais Medrash of Albert,699 Albert Ave Lakewood NJ,lakewood
Chakal Yitzchok Spinka,144 New York Ave Lakewood NJ,lakewood
Kbt Ridge (Khal Bnei Torah),1075 Ridge Ave Lakewood NJ,lakewood
Khal Tiferes Shmuel (Lakewood),700 S New Hampshire Ave Lakewood NJ,lakewood
Beis Medrash Zichron Binyomin,701 Princeton Ave Lakewood NJ,lakewood
Khal Beis Tefilla,33 E 8th St Lakewood NJ,lakewood
Yeshiva Ohr Shraga,750 Vassar Ave Lakewood NJ,lakewood
Bais Yaakov of Lakewood,1990 James St Lakewood NJ,lakewood
Yeshiva Toras Chaim (Lakewood),999 Ridge Ave Lakewood NJ,lakewood
Westgate Shul (Sfard),25 Kelm Woods Rd Lakewood NJ,lakewood
Bais Medrash of Somerset Walk,Somerset Walk Lakewood NJ,lakewood
Bais Medrash of Hearthstone,1320 Hearthstone Dr Lakewood NJ,lakewood
Khal Chateau Park,122 Autumn Ct Lakewood NJ,lakewood
Bais Medrash Raintree,Raintree area Lakewood NJ,lakewood
Bais Medrash Kol Yehuda,Brook Hill Way Lakewood NJ,lakewood
Pine River Village Shul,350 Pine St Lakewood NJ,lakewood
Bais Medrash of High Street,41 Cross St Lakewood NJ,lakewood
Chasidei Gur - Oak & Vine,Oak & Vine area Lakewood NJ,lakewood
Belz (Harmony Park),Harmony Park area Lakewood NJ,lakewood
Congregation Sterling Forest,Sterling Forest area Lakewood NJ,lakewood
Chestnut Shul,1140 Chestnut St Lakewood NJ,lakewood
Chabad of Jackson,645 Cross St Jackson NJ,lakewood
Royal Grove Shul,18 Imperial Pl N Jackson NJ,lakewood
Khal Chasidim D'Jackson,411 Meadowood Rd Jackson NJ,lakewood
Khal Zichron Yisroel (Jackson),10 Cassville Rd Jackson NJ,lakewood
Bais Medrash of Jackson,46 Bennetts Mills Rd Jackson NJ,lakewood
Khal Oak Forest,Oak Forest Dr Jackson NJ,lakewood
Khal Brookwood,158 Brookwood Pkwy Jackson NJ,lakewood
Beth Zion (Jackson),46 Bennetts Mills Rd Jackson NJ,lakewood
Chabad of Toms River,2001 Church Rd Toms River NJ,lakewood
Khal Toms River,2312 Hunters Ct Toms River NJ,lakewood
Cong. B'nai Israel (Toms River),1488 Old Freehold Rd Toms River NJ,lakewood
Khal M'kadshai Hashem,2461 Whitesville Rd Toms River NJ,lakewood
Manchester Shul,532 Lawrence Ave Manchester NJ,lakewood
Khal Tiferes Yosef,Lawrence Ave Manchester NJ,lakewood
Bais Medrash of Holly Oaks,Holly Oaks area Manchester NJ,lakewood
Renaissance Shul,3180 Renaissance Blvd Manchester NJ,lakewood
The Oasis Hall @ BTI,259 Doughty Blvd Inwood NY,five_towns
Chabad of Far Rockaway,1055 Neilson St Inwood NY,five_towns
Dogwood Shtiebel,4 Dogwood Ln Lawrence NY,five_towns
Back Lawrence Minyan,2 Rockaway Tpk Lawrence NY,five_towns
Beis Avrohom (Back Lawrence),2 Rockaway Tpk Lawrence NY,five_towns
Bais Ment (Zichron Dovid),6 Herrick Dr Lawrence NY,five_towns
Beis Medrash Heichal Dovid,215 Central Ave Lawrence NY,five_towns
Regency Torah Center,260 Central Ave Lawrence NY,five_towns
Beth Sholom,390 Broadway Lawrence NY,five_towns
Congregation Shaaray Tefila (Lawrence),25 Central Ave Lawrence NY,five_towns
Khal Mevakshei Hashem,137 Lawrence Ave Inwood NY,five_towns
The White Shul,728 Empire Ave Cedarhurst NY,five_towns
Agudah of Five Towns,508 Peninsula Blvd Cedarhurst NY,five_towns
Beis Medrash Hachaim,137 Cedarhurst Ave Cedarhurst NY,five_towns
YI Lawrence-Cedarhurst,8 Spruce St Lawrence NY,five_towns
Shor Yoshuv,1 Cedar Lawn Ave Lawrence NY,five_towns
YI of Woodmere,859 Peninsula Blvd Woodmere NY,five_towns
YI North Woodmere,649 Hungry Harbor Rd Woodmere NY,five_towns
The Mansion by Saffron,140 Central Ave Lawrence NY,five_towns
Kehillas Bais Yehuda Tzvi,395 Oakland Ave Cedarhurst NY,five_towns
Ateres Nechama Liba,613 Beach 9th St Far Rockaway NY,five_towns
Young Israel of KGH,70-11 150th St Kew Gardens Hills NY,queens
Cong. Ahavas Yitzchok (KGH),147-02 76th Rd Kew Gardens Hills NY,queens
Kehilas Ishei Yisroel,147-19 73rd Ave Kew Gardens Hills NY,queens
Cong. Machane Chodosh,67-29 108th St Kew Gardens Hills NY,queens
Yeshiva of Central Queens,147-37 70th Rd Kew Gardens Hills NY,queens
Khal Adas Yereim,144-34 72nd Dr Kew Gardens Hills NY,queens
Ohel Yitzchak (KGH),137-58 71st Ave Kew Gardens Hills NY,queens
Cong. Degel Israel,144-02 68th Dr Kew Gardens Hills NY,queens
Cong. Adath Yeshurun,82-17 124th St Kew Gardens NY,queens
Khal Machzikei Hadas,118-24 82nd Ave Kew Gardens NY,queens
Queens Valley (YI),141-55 77th Rd Kew Gardens Hills NY,queens
Tifereth Israel (Passaic),180 Passaic Ave Passaic NJ,passaic
Agudas Yisroel Bircas Yaakov,262 Terhune Ave Passaic NJ,passaic
Adas Israel (Passaic),565 Broadway Passaic NJ,passaic
Cong. Ahavas Israel (Passaic),181 Van Houten Ave Passaic NJ,passaic
Bais Medrash L'Torah,171 Brook Ave Passaic NJ,passaic
Young Israel Passaic-Clifton,200 Brook Ave Passaic NJ,passaic
Khal Tiferes Boruch,132 Park Ave Passaic NJ,passaic
Sephardic Cong. of Passaic,200 Main Ave Passaic NJ,passaic
Bais Toras Utefilah (BTU),218 Aycrigg Ave Passaic NJ,passaic
Kehilas Eitz Chaim (Passaic),33-35 Cambridge Ave Passaic NJ,passaic
Yeshiva Ner Boruch (PTI),441 Passaic Ave Passaic NJ,passaic
Beis Chabad (Passaic),201 Randolph St Passaic NJ,passaic
Congregation Keter Torah,600 Roemer Ave Teaneck NJ,teaneck
Congregation Bnai Yeshurun,641 W Englewood Ave Teaneck NJ,teaneck
Young Israel of Teaneck,868 Perry Ln Teaneck NJ,teaneck
Congregation Beth Abraham,396 New Bridge Rd Teaneck NJ,teaneck
Rinat Yisrael,389 W Englewood Ave Teaneck NJ,teaneck
Beth Aaron,950 Queen Anne Rd Teaneck NJ,teaneck
Jewish Center of Teaneck,70 Sterling Pl Teaneck NJ,teaneck
Congregation Shaare Tefillah (Teaneck),510 Claremont Ave Teaneck NJ,teaneck
Arzei Darom,725 Queen Anne Rd Teaneck NJ,teaneck
Shaarei Orah,1425 Essex Rd Teaneck NJ,teaneck
Bais Medrash of Bergenfield,371 S Prospect Ave Bergenfield NJ,teaneck
Ohr HaTorah (Bergenfield),36 Rector Ct Bergenfield NJ,teaneck
Agudah of Staten Island,1208 White Plains Rd Staten Island NY,staten_island
The Country Shul Hall,Staten Island NY,staten_island
JCC of Staten Island,1466 Manor Road Staten Island NY,staten_island
